year_month;agreeableness
2015-06;0.242153
2015-09;0.08335
2016-05;0.048623
2016-07;0.039157
2016-11;0.125975
