year-month;agreeableness
2016-11;0.125975
2016-5;0.048623
2015-6;0.242153
2015-9;0.08335
2016-7;0.039157
