year_month;agreeableness
2015-04;0.109539
2015-05;0.069061
2015-06;0.480253
2015-07;0.039092
2015-08;0.507174
2015-09;0.074227
2015-10;0.477142
2015-11;0.09729
2015-12;0.00129
2016-01;0.590223
2016-02;0.007588
2016-03;0.289484
2016-04;0.833224
2016-05;0.875194
2016-06;0.109468
2016-07;0.238019
2016-08;0.023768
2016-09;0.347041
2016-10;0.001811
2016-11;0.04302
2016-12;0.072901
