year-month;agreeableness
2016-9;0.347041
2016-1;0.590223
2016-10;0.001811
2016-12;0.072901
2015-8;0.507174
2016-3;0.289484
2016-4;0.833224
2016-11;0.04302
2016-5;0.875194
2015-7;0.039092
2015-6;0.480253
2015-9;0.074227
2015-5;0.069061
2016-8;0.023768
2015-11;0.09729
2015-12;0.00129
2016-7;0.238019
2016-6;0.109468
2015-4;0.109539
2015-10;0.477142
2016-2;0.007588
