year_month;agreeableness
2015-04;0.349986
2015-05;0.069061
2015-06;0.640925
2015-07;0.001599
2015-08;0.136502
2015-09;0.074227
2015-10;0.477142
2015-11;0.120256
2015-12;0.00129
2016-01;0.590223
2016-02;0.007588
2016-03;0.289484
2016-04;0.978123
2016-05;0.012362
2016-06;0.352148
2016-07;0.515325
2016-08;0.012522
2016-09;0.742201
2016-10;0.024535
2016-11;0.04302
2016-12;0.381801
average;0.2771580952380952
overall;0.033087
