year-month;agreeableness
2015-03;0.042882
2015-04;0.790309
2015-05;0.05796
2015-06;0.01983
2015-07;0.156875
2015-08;0.679042
2015-09;0.165561
2015-10;0.391997
2015-11;0.240437
2015-12;0.001786
2016-01;0.003366
2016-02;0.198648
2016-03;0.227268
2016-04;0.143812
2016-05;0.100447
2016-06;0.590382
2016-07;0.562643
2016-09;0.255287
2016-11;0.785356
2016-12;0.871632
