year-month;agreeableness
2016-9;0.609083
2016-1;0.629607
2016-10;0.462148
2015-8;0.42382
2016-3;0.739945
2016-4;0.27599
2016-11;0.612166
2016-5;0.866078
2015-7;0.519065
2015-6;0.372127
2015-9;0.967304
2015-3;0.000134
2015-5;0.526976
2015-11;0.185946
2015-12;0.782655
2016-7;0.550155
2016-6;0.242978
2015-4;0.226467
2015-10;0.143739
