year_month;agreeableness
2015-06;0.105008
2016-02;0.603913
2016-09;0.701907
2016-10;0.325163
2016-11;0.602276
2016-12;0.608544
