year-month;agreeableness
2016-9;0.005282
2016-10;0.868792
2016-12;0.157018
2015-8;8.4e-05
2016-3;0.007957
2016-11;0.001464
2016-5;0.782152
2015-7;0.542058
2015-6;0.280179
2015-9;0.123048
2015-5;0.558412
2015-11;0.3773
2016-6;0.506872
2015-4;0.089583
2015-10;0.686921
2016-2;0.171414
