year-month;agreeableness
2015-04;0.089583
2015-05;0.558412
2015-06;0.280179
2015-07;0.542058
2015-08;8.4e-05
2015-09;0.123048
2015-10;0.686921
2015-11;0.3773
2016-02;0.171414
2016-03;0.007957
2016-05;0.782152
2016-06;0.506872
2016-09;0.005282
2016-10;0.868792
2016-11;0.001464
2016-12;0.157018
