year-month;agreeableness
2015-06;0.777519
2015-08;0.017446
2015-10;0.054695
2016-07;0.827814
2016-11;0.0
2016-12;0.868062
