year-month;agreeableness
2016-12;0.868062
2015-8;0.017446
2016-11;0.0
2015-6;0.777519
2016-7;0.827814
2015-10;0.054695
