year-month;agreeableness
2016-1;0.358764
2015-8;0.288516
2016-3;0.674867
2015-7;0.091313
2015-6;0.693636
2015-9;0.898274
2015-5;0.583391
2015-11;0.471312
2015-12;0.663444
2015-4;0.831377
2015-10;0.683139
2016-2;0.581156
