year_month;agreeableness
2015-04;0.769877
2015-05;0.001302
2015-06;0.947744
2015-07;0.08654
2015-08;0.551166
2015-09;0.360064
2015-10;0.077349
2015-11;0.317938
2015-12;0.192975
2016-01;0.933799
2016-02;0.015102
2016-03;0.280962
2016-05;0.457918
2016-06;0.099026
2016-09;0.075698
2016-10;0.292608
2016-11;0.435393
2016-12;0.375615
average;0.3261708888888889
max;0.94774400000000003
min;0.001302
overall;0.56332
