year-month;agreeableness
2015-04;0.831377
2015-05;0.583391
2015-06;0.693636
2015-07;0.091313
2015-08;0.288516
2015-09;0.898274
2015-10;0.683139
2015-11;0.471312
2015-12;0.663444
2016-01;0.358764
2016-02;0.581156
2016-03;0.674867
