year-month;agreeableness
2016-9;0.006243
2016-1;0.791433
2016-10;0.124305
2016-12;0.138719
2015-8;0.040819
2016-3;0.963563
2016-4;0.370058
2016-11;0.326477
2016-5;0.221466
2015-7;0.443918
2015-6;0.030742
2015-5;0.549425
2016-8;0.040437
2015-11;0.959738
2016-7;0.584552
2016-6;0.145017
2015-10;0.091494
2016-2;0.537973
