year-month;agreeableness
2015-05;0.549425
2015-06;0.030742
2015-07;0.443918
2015-08;0.040819
2015-10;0.091494
2015-11;0.959738
2016-01;0.791433
2016-02;0.537973
2016-03;0.963563
2016-04;0.370058
2016-05;0.221466
2016-06;0.145017
2016-07;0.584552
2016-08;0.040437
2016-09;0.006243
2016-10;0.124305
2016-11;0.326477
2016-12;0.138719
