year-month;agreeableness
2016-1;0.352641
2016-4;0.239687
2016-11;0.665747
2015-7;0.000231
2015-6;0.184546
2015-9;0.092174
2015-5;0.324242
2015-11;0.520517
2016-6;0.016594
2015-4;0.653375
2015-10;0.071564
2016-2;0.132985
