year_month;agreeableness
2015-04;0.653375
2015-05;0.324242
2015-06;0.184546
2015-07;0.000231
2015-09;0.092174
2015-10;0.071564
2015-11;0.520517
2016-01;0.352641
2016-02;0.132985
2016-04;0.239687
2016-06;0.016594
2016-11;0.665747
