year_month;agreeableness
2015-04;0.447561
2015-05;0.324242
2015-06;0.466411
2015-07;0.481118
2015-09;0.378572
2015-10;0.026443
2015-11;0.520517
2015-12;0.630973
2016-01;0.02428
2016-02;0.698237
2016-04;0.221061
2016-05;0.273563
2016-06;0.064941
2016-07;0.016005
2016-09;0.252328
2016-10;0.029856
2016-11;0.665747
2016-12;0.559113
average;0.33783155555555555
max;0.698237
min;0.016004999999999998
overall;0.8054
