year_month;agreeableness
2015-04;0.071496
2015-06;0.020804
2015-07;0.740646
2015-08;0.205342
2015-09;0.033838
2015-10;0.001006
2016-01;0.248055
2016-04;0.156887
2016-05;0.011931
2016-06;0.636405
2016-11;0.603935
