year_month;agreeableness
2015-03;0.619696
2015-04;0.071496
2015-06;0.020804
2015-07;0.740646
2015-08;0.205342
2015-09;0.033838
2015-10;0.001006
2015-11;0.652136
2016-01;0.248055
2016-02;0.709715
2016-03;0.085987
2016-04;0.250576
2016-05;0.011931
2016-06;0.636405
2016-09;0.52993
2016-10;0.467974
2016-11;0.603935
2016-12;0.120746
average;0.33390100000000006
overall;0.04748
